<?xml version="1.0" encoding="UTF-8"?>
<project-private xmlns="http://www.netbeans.org/ns/project-private/1">
    <editor-bookmarks xmlns="http://www.netbeans.org/ns/editor-bookmarks/2" lastBookmarkId="0"/>
    <open-files xmlns="http://www.netbeans.org/ns/projectui-open-files/2">
        <group>
            <file>file:/C:/Java9Revealed/com.jdojo.process.api/src/com/jdojo/process/api/Job.java</file>
            <file>file:/C:/Java9Revealed/com.jdojo.process.api/src/com/jdojo/process/api/CurrentProcessInfo.java</file>
            <file>file:/C:/Java9Revealed/com.jdojo.process.api/src/com/jdojo/process/api/StartProcessTest.java</file>
        </group>
    </open-files>
</project-private>
